YEAR,Location,Death Rate,"Deaths ",URL
2024,AL,23.7,1212,/nchs/state-stats/states/al.html
2024,AK,24.4,182,/nchs/state-stats/states/ak.html
2024,AZ,16.9,1331,/nchs/state-stats/states/az.html
2024,AR,20.6,638,/nchs/state-stats/states/ar.html
2024,CA,7,2853,/nchs/state-stats/states/ca.html
2024,CO,15.3,961,/nchs/state-stats/states/co.html
2024,CT,5.8,224,/nchs/state-stats/states/ct.html
2024,DE,11.8,123,/nchs/state-stats/states/de.html
2024,District of Columbia,19.7,148,/nchs/state-stats/states/dc.html
2024,FL,12.7,3191,/nchs/state-stats/states/fl.html
2024,GA,17.6,1985,/nchs/state-stats/states/ga.html
2024,HI,3.7,56,/nchs/state-stats/states/hi.html
2024,ID,15.9,331,/nchs/state-stats/states/id.html
2024,IL,12.4,1563,/nchs/state-stats/states/il.html
2024,IN,17.2,1196,/nchs/state-stats/states/in.html
2024,IA,11.8,389,/nchs/state-stats/states/ia.html
2024,KS,15.2,446,/nchs/state-stats/states/ks.html
2024,KY,18.5,870,/nchs/state-stats/states/ky.html
2024,LA,22.9,1031,/nchs/state-stats/states/la.html
2024,ME,11.9,181,/nchs/state-stats/states/me.html
2024,MD,11.6,716,/nchs/state-stats/states/md.html
2024,MA,3.8,287,/nchs/state-stats/states/ma.html
2024,MI,11.9,1228,/nchs/state-stats/states/mi.html
2024,MN,9.8,582,/nchs/state-stats/states/mn.html
2024,MS,28,810,/nchs/state-stats/states/ms.html
2024,MO,19.6,1234,/nchs/state-stats/states/mo.html
2024,MT,20.2,247,/nchs/state-stats/states/mt.html
2024,NE,10.9,218,/nchs/state-stats/states/ne.html
2024,NV,17.2,582,/nchs/state-stats/states/nv.html
2024,NH,10.2,152,/nchs/state-stats/states/nh.html
2024,NJ,4,393,/nchs/state-stats/states/nj.html
2024,NM,26.6,563,/nchs/state-stats/states/nm.html
2024,NY,4.4,896,/nchs/state-stats/states/ny.html
2024,NC,16.3,1835,/nchs/state-stats/states/nc.html
2024,ND,12.2,95,/nchs/state-stats/states/nd.html
2024,OH,14.6,1745,/nchs/state-stats/states/oh.html
2024,OK,19.1,794,/nchs/state-stats/states/ok.html
2024,OR,14.2,663,/nchs/state-stats/states/or.html
2024,PA,11.9,1624,/nchs/state-stats/states/pa.html
2024,RI,4.6,55,/nchs/state-stats/states/ri.html
2024,SC,19.5,1064,/nchs/state-stats/states/sc.html
2024,SD,17.3,159,/nchs/state-stats/states/sd.html
2024,TN,19.8,1448,/nchs/state-stats/states/tn.html
2024,TX,13.9,4389,/nchs/state-stats/states/tx.html
2024,UT,13.3,454,/nchs/state-stats/states/ut.html
2024,VT,10.6,76,/nchs/state-stats/states/vt.html
2024,VA,12.8,1153,/nchs/state-stats/states/va.html
2024,WA,11,915,/nchs/state-stats/states/wa.html
2024,WV,15.3,281,/nchs/state-stats/states/wv.html
2024,WI,12.1,735,/nchs/state-stats/states/wi.html
2024,WY,23.4,143,/nchs/state-stats/states/wy.html
2023,AL,25.6,1292,/nchs/state-stats/states/al.html
2023,AK,23.5,176,/nchs/state-stats/states/ak.html
2023,AZ,18.5,1419,/nchs/state-stats/states/az.html
2023,AR,21.9,671,/nchs/state-stats/states/ar.html
2023,CA,8,3209,/nchs/state-stats/states/ca.html
2023,CO,16.6,1019,/nchs/state-stats/states/co.html
2023,CT,6.2,225,/nchs/state-stats/states/ct.html
2023,DE,12,124,/nchs/state-stats/states/de.html
2023,District of Columbia,30.6,225,/nchs/state-stats/states/dc.html
2023,FL,13.7,3253,/nchs/state-stats/states/fl.html
2023,GA,18.6,2070,/nchs/state-stats/states/ga.html
2023,HI,4.9,73,/nchs/state-stats/states/hi.html
2023,ID,17.9,356,/nchs/state-stats/states/id.html
2023,IL,13.5,1691,/nchs/state-stats/states/il.html
2023,IN,18.3,1258,/nchs/state-stats/states/in.html
2023,IA,10.5,341,/nchs/state-stats/states/ia.html
2023,KS,16.3,475,/nchs/state-stats/states/ks.html
2023,KY,18.4,841,/nchs/state-stats/states/ky.html
2023,LA,28.3,1261,/nchs/state-stats/states/la.html
2023,ME,14,200,/nchs/state-stats/states/me.html
2023,MD,12.3,737,/nchs/state-stats/states/md.html
2023,MA,3.7,270,/nchs/state-stats/states/ma.html
2023,MI,13.9,1384,/nchs/state-stats/states/mi.html
2023,MN,8.9,525,/nchs/state-stats/states/mn.html
2023,MS,29.4,844,/nchs/state-stats/states/ms.html
2023,MO,21.4,1324,/nchs/state-stats/states/mo.html
2023,MT,21.5,247,/nchs/state-stats/states/mt.html
2023,NE,10.6,213,/nchs/state-stats/states/ne.html
2023,NV,18.4,616,/nchs/state-stats/states/nv.html
2023,NH,9.6,143,/nchs/state-stats/states/nh.html
2023,NJ,4.6,430,/nchs/state-stats/states/nj.html
2023,NM,25.3,530,/nchs/state-stats/states/nm.html
2023,NY,4.7,943,/nchs/state-stats/states/ny.html
2023,NC,16.4,1803,/nchs/state-stats/states/nc.html
2023,ND,12.8,103,/nchs/state-stats/states/nd.html
2023,OH,15,1768,/nchs/state-stats/states/oh.html
2023,OK,19.9,814,/nchs/state-stats/states/ok.html
2023,OR,14.2,642,/nchs/state-stats/states/or.html
2023,PA,13.6,1807,/nchs/state-stats/states/pa.html
2023,RI,4.8,58,/nchs/state-stats/states/ri.html
2023,SC,19.1,1019,/nchs/state-stats/states/sc.html
2023,SD,12.3,112,/nchs/state-stats/states/sd.html
2023,TN,22,1587,/nchs/state-stats/states/tn.html
2023,TX,14.9,4561,/nchs/state-stats/states/tx.html
2023,UT,14.8,489,/nchs/state-stats/states/ut.html
2023,VT,12,83,/nchs/state-stats/states/vt.html
2023,VA,13.8,1237,/nchs/state-stats/states/va.html
2023,WA,13,1053,/nchs/state-stats/states/wa.html
2023,WV,16.8,315,/nchs/state-stats/states/wv.html
2023,WI,12.7,762,/nchs/state-stats/states/wi.html
2023,WY,21.5,130,/nchs/state-stats/states/wy.html
2022,AL,25.5,1278,/nchs/state-stats/states/al.html
2022,AK,22.4,164,/nchs/state-stats/states/ak.html
2022,AZ,20.1,1535,/nchs/state-stats/states/az.html
2022,AR,21.9,666,/nchs/state-stats/states/ar.html
2022,CA,8.6,3484,/nchs/state-stats/states/ca.html
2022,CO,17.1,1036,/nchs/state-stats/states/co.html
2022,CT,6.9,252,/nchs/state-stats/states/ct.html
2022,DE,11.9,124,/nchs/state-stats/states/de.html
2022,District of Columbia,21.4,154,/nchs/state-stats/states/dc.html
2022,FL,14,3232,/nchs/state-stats/states/fl.html
2022,GA,19.7,2163,/nchs/state-stats/states/ga.html
2022,HI,4.5,66,/nchs/state-stats/states/hi.html
2022,ID,17,338,/nchs/state-stats/states/id.html
2022,IL,14.4,1798,/nchs/state-stats/states/il.html
2022,IN,17.4,1211,/nchs/state-stats/states/in.html
2022,IA,11.2,367,/nchs/state-stats/states/ia.html
2022,KS,16.8,492,/nchs/state-stats/states/ks.html
2022,KY,18.8,840,/nchs/state-stats/states/ky.html
2022,LA,28.2,1266,/nchs/state-stats/states/la.html
2022,ME,11.7,179,/nchs/state-stats/states/me.html
2022,MD,13.6,813,/nchs/state-stats/states/md.html
2022,MA,3.7,263,/nchs/state-stats/states/ma.html
2022,MI,15,1504,/nchs/state-stats/states/mi.html
2022,MN,9.6,561,/nchs/state-stats/states/mn.html
2022,MS,29.6,848,/nchs/state-stats/states/ms.html
2022,MO,24.2,1489,/nchs/state-stats/states/mo.html
2022,MT,23.9,274,/nchs/state-stats/states/mt.html
2022,NE,12.2,244,/nchs/state-stats/states/ne.html
2022,NV,18.9,618,/nchs/state-stats/states/nv.html
2022,NH,10.1,156,/nchs/state-stats/states/nh.html
2022,NJ,5,468,/nchs/state-stats/states/nj.html
2022,NM,27.3,571,/nchs/state-stats/states/nm.html
2022,NY,5.3,1044,/nchs/state-stats/states/ny.html
2022,NC,16.8,1831,/nchs/state-stats/states/nc.html
2022,ND,16.4,125,/nchs/state-stats/states/nd.html
2022,OH,15.6,1831,/nchs/state-stats/states/oh.html
2022,OK,19.8,797,/nchs/state-stats/states/ok.html
2022,OR,14.4,655,/nchs/state-stats/states/or.html
2022,PA,14.7,1941,/nchs/state-stats/states/pa.html
2022,RI,3.1,37,/nchs/state-stats/states/ri.html
2022,SC,20.8,1105,/nchs/state-stats/states/sc.html
2022,SD,15.7,141,/nchs/state-stats/states/sd.html
2022,TN,20.5,1480,/nchs/state-stats/states/tn.html
2022,TX,15.3,4630,/nchs/state-stats/states/tx.html
2022,UT,13.7,446,/nchs/state-stats/states/ut.html
2022,VT,12,84,/nchs/state-stats/states/vt.html
2022,VA,14.9,1316,/nchs/state-stats/states/va.html
2022,WA,12.4,1022,/nchs/state-stats/states/wa.html
2022,WV,16.2,311,/nchs/state-stats/states/wv.html
2022,WI,14,830,/nchs/state-stats/states/wi.html
2022,WY,20.4,124,/nchs/state-stats/states/wy.html
2021,AL,26.4,1315,/nchs/state-stats/states/al.html
2021,AK,25.2,182,/nchs/state-stats/states/ak.html
2021,AZ,18.3,1365,/nchs/state-stats/states/az.html
2021,AR,23.3,698,/nchs/state-stats/states/ar.html
2021,CA,9,3576,/nchs/state-stats/states/ca.html
2021,CO,17.8,1064,/nchs/state-stats/states/co.html
2021,CT,6.7,248,/nchs/state-stats/states/ct.html
2021,DE,16.6,158,/nchs/state-stats/states/de.html
2021,District of Columbia,24.4,185,/nchs/state-stats/states/dc.html
2021,FL,14.1,3142,/nchs/state-stats/states/fl.html
2021,GA,20.3,2200,/nchs/state-stats/states/ga.html
2021,HI,4.8,71,/nchs/state-stats/states/hi.html
2021,ID,16.3,309,/nchs/state-stats/states/id.html
2021,IL,16.1,1995,/nchs/state-stats/states/il.html
2021,IN,18.4,1251,/nchs/state-stats/states/in.html
2021,IA,11.2,364,/nchs/state-stats/states/ia.html
2021,KS,17.3,503,/nchs/state-stats/states/ks.html
2021,KY,21.1,947,/nchs/state-stats/states/ky.html
2021,LA,29.1,1314,/nchs/state-stats/states/la.html
2021,ME,12.6,178,/nchs/state-stats/states/me.html
2021,MD,15.2,915,/nchs/state-stats/states/md.html
2021,MA,3.4,247,/nchs/state-stats/states/ma.html
2021,MI,15.4,1544,/nchs/state-stats/states/mi.html
2021,MN,10,573,/nchs/state-stats/states/mn.html
2021,MS,33.9,962,/nchs/state-stats/states/ms.html
2021,MO,23.2,1414,/nchs/state-stats/states/mo.html
2021,MT,25.1,280,/nchs/state-stats/states/mt.html
2021,NE,10.3,200,/nchs/state-stats/states/ne.html
2021,NV,19.8,633,/nchs/state-stats/states/nv.html
2021,NH,8.3,123,/nchs/state-stats/states/nh.html
2021,NJ,5.2,475,/nchs/state-stats/states/nj.html
2021,NM,27.8,578,/nchs/state-stats/states/nm.html
2021,NY,5.4,1078,/nchs/state-stats/states/ny.html
2021,NC,17.3,1839,/nchs/state-stats/states/nc.html
2021,ND,16.8,128,/nchs/state-stats/states/nd.html
2021,OH,16.5,1911,/nchs/state-stats/states/oh.html
2021,OK,21.2,836,/nchs/state-stats/states/ok.html
2021,OR,14.9,670,/nchs/state-stats/states/or.html
2021,PA,14.8,1905,/nchs/state-stats/states/pa.html
2021,RI,5.6,64,/nchs/state-stats/states/ri.html
2021,SC,22.4,1136,/nchs/state-stats/states/sc.html
2021,SD,14.3,128,/nchs/state-stats/states/sd.html
2021,TN,22.8,1569,/nchs/state-stats/states/tn.html
2021,TX,15.6,4613,/nchs/state-stats/states/tx.html
2021,UT,13.9,450,/nchs/state-stats/states/ut.html
2021,VT,11.9,83,/nchs/state-stats/states/vt.html
2021,VA,14.3,1248,/nchs/state-stats/states/va.html
2021,WA,11.2,896,/nchs/state-stats/states/wa.html
2021,WV,17.3,319,/nchs/state-stats/states/wv.html
2021,WI,13.5,793,/nchs/state-stats/states/wi.html
2021,WY,26.1,155,/nchs/state-stats/states/wy.html
2020,AL,23.6,1141,/nchs/state-stats/states/al.html
2020,AK,23.5,175,/nchs/state-stats/states/ak.html
2020,AZ,16.7,1265,/nchs/state-stats/states/az.html
2020,AR,22.6,673,/nchs/state-stats/states/ar.html
2020,CA,8.5,3449,/nchs/state-stats/states/ca.html
2020,CO,15.4,922,/nchs/state-stats/states/co.html
2020,CT,6,219,/nchs/state-stats/states/ct.html
2020,DE,14.4,135,/nchs/state-stats/states/de.html
2020,District of Columbia,21.9,167,/nchs/state-stats/states/dc.html
2020,FL,13.7,3041,/nchs/state-stats/states/fl.html
2020,GA,17.7,1897,/nchs/state-stats/states/ga.html
2020,HI,3.4,50,/nchs/state-stats/states/hi.html
2020,ID,17.6,321,/nchs/state-stats/states/id.html
2020,IL,14.1,1745,/nchs/state-stats/states/il.html
2020,IN,17.3,1159,/nchs/state-stats/states/in.html
2020,IA,11.2,351,/nchs/state-stats/states/ia.html
2020,KS,16.9,494,/nchs/state-stats/states/ks.html
2020,KY,20.1,902,/nchs/state-stats/states/ky.html
2020,LA,26.3,1183,/nchs/state-stats/states/la.html
2020,ME,10.4,153,/nchs/state-stats/states/me.html
2020,MD,13.5,803,/nchs/state-stats/states/md.html
2020,MA,3.7,268,/nchs/state-stats/states/ma.html
2020,MI,14.6,1454,/nchs/state-stats/states/mi.html
2020,MN,8.9,513,/nchs/state-stats/states/mn.html
2020,MS,28.6,818,/nchs/state-stats/states/ms.html
2020,MO,23.9,1426,/nchs/state-stats/states/mo.html
2020,MT,20.9,238,/nchs/state-stats/states/mt.html
2020,NE,10.1,197,/nchs/state-stats/states/ne.html
2020,NV,17,547,/nchs/state-stats/states/nv.html
2020,NH,8.9,128,/nchs/state-stats/states/nh.html
2020,NJ,5,443,/nchs/state-stats/states/nj.html
2020,NM,22.7,479,/nchs/state-stats/states/nm.html
2020,NY,5.3,1052,/nchs/state-stats/states/ny.html
2020,NC,16,1699,/nchs/state-stats/states/nc.html
2020,ND,13.8,100,/nchs/state-stats/states/nd.html
2020,OH,15.2,1764,/nchs/state-stats/states/oh.html
2020,OK,20.7,826,/nchs/state-stats/states/ok.html
2020,OR,13,592,/nchs/state-stats/states/or.html
2020,PA,13.6,1752,/nchs/state-stats/states/pa.html
2020,RI,5.1,54,/nchs/state-stats/states/ri.html
2020,SC,22,1131,/nchs/state-stats/states/sc.html
2020,SD,13.6,120,/nchs/state-stats/states/sd.html
2020,TN,21.3,1473,/nchs/state-stats/states/tn.html
2020,TX,14.2,4164,/nchs/state-stats/states/tx.html
2020,UT,13.6,429,/nchs/state-stats/states/ut.html
2020,VT,11.6,76,/nchs/state-stats/states/vt.html
2020,VA,13.4,1174,/nchs/state-stats/states/va.html
2020,WA,10.9,864,/nchs/state-stats/states/wa.html
2020,WV,18.1,325,/nchs/state-stats/states/wv.html
2020,WI,12.2,717,/nchs/state-stats/states/wi.html
2020,WY,25.9,154,/nchs/state-stats/states/wy.html
2019,AL,22.2,1076,/nchs/state-stats/states/al.html
2019,AK,24.4,179,/nchs/state-stats/states/ak.html
2019,AZ,15.1,1136,/nchs/state-stats/states/az.html
2019,AR,19.3,580,/nchs/state-stats/states/ar.html
2019,CA,7.2,2945,/nchs/state-stats/states/ca.html
2019,CO,14.2,846,/nchs/state-stats/states/co.html
2019,CT,5.3,190,/nchs/state-stats/states/ct.html
2019,DE,9.9,93,/nchs/state-stats/states/de.html
2019,District of Columbia,18.3,141,/nchs/state-stats/states/dc.html
2019,FL,12.7,2872,/nchs/state-stats/states/fl.html
2019,GA,15.8,1695,/nchs/state-stats/states/ga.html
2019,HI,4.4,62,/nchs/state-stats/states/hi.html
2019,ID,14.2,255,/nchs/state-stats/states/id.html
2019,IL,10.8,1367,/nchs/state-stats/states/il.html
2019,IN,14.1,958,/nchs/state-stats/states/in.html
2019,IA,9.1,294,/nchs/state-stats/states/ia.html
2019,KS,13.7,403,/nchs/state-stats/states/ks.html
2019,KY,14.9,682,/nchs/state-stats/states/ky.html
2019,LA,22.1,1013,/nchs/state-stats/states/la.html
2019,ME,11.5,163,/nchs/state-stats/states/me.html
2019,MD,12.6,757,/nchs/state-stats/states/md.html
2019,MA,3.4,247,/nchs/state-stats/states/ma.html
2019,MI,12.1,1220,/nchs/state-stats/states/mi.html
2019,MN,8.1,465,/nchs/state-stats/states/mn.html
2019,MS,24.2,710,/nchs/state-stats/states/ms.html
2019,MO,20.6,1252,/nchs/state-stats/states/mo.html
2019,MT,19,209,/nchs/state-stats/states/mt.html
2019,NE,10.4,205,/nchs/state-stats/states/ne.html
2019,NV,15.3,490,/nchs/state-stats/states/nv.html
2019,NH,10.7,156,/nchs/state-stats/states/nh.html
2019,NJ,4.1,368,/nchs/state-stats/states/nj.html
2019,NM,22.3,471,/nchs/state-stats/states/nm.html
2019,NY,3.9,804,/nchs/state-stats/states/ny.html
2019,NC,13.1,1397,/nchs/state-stats/states/nc.html
2019,ND,12.4,93,/nchs/state-stats/states/nd.html
2019,OH,13.3,1578,/nchs/state-stats/states/oh.html
2019,OK,18.6,737,/nchs/state-stats/states/ok.html
2019,OR,12.6,566,/nchs/state-stats/states/or.html
2019,PA,11.7,1541,/nchs/state-stats/states/pa.html
2019,RI,4.6,48,/nchs/state-stats/states/ri.html
2019,SC,19.9,1012,/nchs/state-stats/states/sc.html
2019,SD,13.1,113,/nchs/state-stats/states/sd.html
2019,TN,18.4,1270,/nchs/state-stats/states/tn.html
2019,TX,12.7,3683,/nchs/state-stats/states/tx.html
2019,UT,12.8,394,/nchs/state-stats/states/ut.html
2019,VT,9.3,67,/nchs/state-stats/states/vt.html
2019,VA,11.7,1025,/nchs/state-stats/states/va.html
2019,WA,10.7,842,/nchs/state-stats/states/wa.html
2019,WV,16.6,300,/nchs/state-stats/states/wv.html
2019,WI,10,604,/nchs/state-stats/states/wi.html
2019,WY,22.3,133,/nchs/state-stats/states/wy.html
2018,AL,21.8,1064,/nchs/state-stats/states/al.html
2018,AK,21,155,/nchs/state-stats/states/ak.html
2018,AZ,15.3,1147,/nchs/state-stats/states/az.html
2018,AR,18.9,573,/nchs/state-stats/states/ar.html
2018,CA,7.5,3040,/nchs/state-stats/states/ca.html
2018,CO,15.2,889,/nchs/state-stats/states/co.html
2018,CT,4.9,186,/nchs/state-stats/states/ct.html
2018,DE,11.6,107,/nchs/state-stats/states/de.html
2018,District of Columbia,16.7,125,/nchs/state-stats/states/dc.html
2018,FL,12.9,2902,/nchs/state-stats/states/fl.html
2018,GA,15.7,1680,/nchs/state-stats/states/ga.html
2018,HI,4,59,/nchs/state-stats/states/hi.html
2018,ID,16.6,294,/nchs/state-stats/states/id.html
2018,IL,10.9,1382,/nchs/state-stats/states/il.html
2018,IN,14.7,977,/nchs/state-stats/states/in.html
2018,IA,8.7,282,/nchs/state-stats/states/ia.html
2018,KS,14.8,424,/nchs/state-stats/states/ks.html
2018,KY,16.9,762,/nchs/state-stats/states/ky.html
2018,LA,21.4,991,/nchs/state-stats/states/la.html
2018,ME,10.3,159,/nchs/state-stats/states/me.html
2018,MD,11.7,707,/nchs/state-stats/states/md.html
2018,MA,3.5,258,/nchs/state-stats/states/ma.html
2018,MI,12.9,1310,/nchs/state-stats/states/mi.html
2018,MN,7.8,437,/nchs/state-stats/states/mn.html
2018,MS,22.9,681,/nchs/state-stats/states/ms.html
2018,MO,21.5,1311,/nchs/state-stats/states/mo.html
2018,MT,17.3,186,/nchs/state-stats/states/mt.html
2018,NE,9,183,/nchs/state-stats/states/ne.html
2018,NV,17.9,550,/nchs/state-stats/states/nv.html
2018,NH,10.8,155,/nchs/state-stats/states/nh.html
2018,NJ,4.8,420,/nchs/state-stats/states/nj.html
2018,NM,20.7,438,/nchs/state-stats/states/nm.html
2018,NY,4.1,821,/nchs/state-stats/states/ny.html
2018,NC,13.3,1416,/nchs/state-stats/states/nc.html
2018,ND,11.5,89,/nchs/state-stats/states/nd.html
2018,OH,13.1,1555,/nchs/state-stats/states/oh.html
2018,OK,16.8,665,/nchs/state-stats/states/ok.html
2018,OR,11.7,519,/nchs/state-stats/states/or.html
2018,PA,12.5,1654,/nchs/state-stats/states/pa.html
2018,RI,3.3,37,/nchs/state-stats/states/ri.html
2018,SC,17.6,895,/nchs/state-stats/states/sc.html
2018,SD,13.6,117,/nchs/state-stats/states/sd.html
2018,TN,17.8,1228,/nchs/state-stats/states/tn.html
2018,TX,12.2,3522,/nchs/state-stats/states/tx.html
2018,UT,13.2,397,/nchs/state-stats/states/ut.html
2018,VT,12.8,82,/nchs/state-stats/states/vt.html
2018,VA,11.8,1035,/nchs/state-stats/states/va.html
2018,WA,10.4,809,/nchs/state-stats/states/wa.html
2018,WV,18.2,343,/nchs/state-stats/states/wv.html
2018,WI,10.1,598,/nchs/state-stats/states/wi.html
2018,WY,21.5,124,/nchs/state-stats/states/wy.html
2017,AL,22.9,1124,/nchs/state-stats/states/al.html
2017,AK,24.5,180,/nchs/state-stats/states/ak.html
2017,AZ,15.8,1134,/nchs/state-stats/states/az.html
2017,AR,20.3,613,/nchs/state-stats/states/ar.html
2017,CA,7.9,3184,/nchs/state-stats/states/ca.html
2017,CO,13.4,779,/nchs/state-stats/states/co.html
2017,CT,5.1,188,/nchs/state-stats/states/ct.html
2017,DE,11.7,111,/nchs/state-stats/states/de.html
2017,District of Columbia,13.1,100,/nchs/state-stats/states/dc.html
2017,FL,12.4,2724,/nchs/state-stats/states/fl.html
2017,GA,15.4,1623,/nchs/state-stats/states/ga.html
2017,HI,2.5,39,/nchs/state-stats/states/hi.html
2017,ID,16.4,280,/nchs/state-stats/states/id.html
2017,IL,12.1,1543,/nchs/state-stats/states/il.html
2017,IN,15.3,1016,/nchs/state-stats/states/in.html
2017,IA,9,293,/nchs/state-stats/states/ia.html
2017,KS,16,466,/nchs/state-stats/states/ks.html
2017,KY,16.2,730,/nchs/state-stats/states/ky.html
2017,LA,21.7,1008,/nchs/state-stats/states/la.html
2017,ME,11.7,172,/nchs/state-stats/states/me.html
2017,MD,12.3,742,/nchs/state-stats/states/md.html
2017,MA,3.7,262,/nchs/state-stats/states/ma.html
2017,MI,11.3,1138,/nchs/state-stats/states/mi.html
2017,MN,8.2,465,/nchs/state-stats/states/mn.html
2017,MS,21.5,632,/nchs/state-stats/states/ms.html
2017,MO,21.5,1307,/nchs/state-stats/states/mo.html
2017,MT,22.5,244,/nchs/state-stats/states/mt.html
2017,NE,8.3,160,/nchs/state-stats/states/ne.html
2017,NV,16.7,508,/nchs/state-stats/states/nv.html
2017,NH,10.4,146,/nchs/state-stats/states/nh.html
2017,NJ,5.3,478,/nchs/state-stats/states/nj.html
2017,NM,18.5,394,/nchs/state-stats/states/nm.html
2017,NY,3.7,772,/nchs/state-stats/states/ny.html
2017,NC,13.7,1430,/nchs/state-stats/states/nc.html
2017,ND,13.2,103,/nchs/state-stats/states/nd.html
2017,OH,13.7,1589,/nchs/state-stats/states/oh.html
2017,OK,17.2,681,/nchs/state-stats/states/ok.html
2017,OR,12.1,528,/nchs/state-stats/states/or.html
2017,PA,12.5,1636,/nchs/state-stats/states/pa.html
2017,RI,3.9,43,/nchs/state-stats/states/ri.html
2017,SC,17.7,893,/nchs/state-stats/states/sc.html
2017,SD,11.9,101,/nchs/state-stats/states/sd.html
2017,TN,18.4,1246,/nchs/state-stats/states/tn.html
2017,TX,12.4,3513,/nchs/state-stats/states/tx.html
2017,UT,14,410,/nchs/state-stats/states/ut.html
2017,VT,11.7,70,/nchs/state-stats/states/vt.html
2017,VA,11.9,1041,/nchs/state-stats/states/va.html
2017,WA,11.1,849,/nchs/state-stats/states/wa.html
2017,WV,18.6,348,/nchs/state-stats/states/wv.html
2017,WI,10.6,624,/nchs/state-stats/states/wi.html
2017,WY,18.8,113,/nchs/state-stats/states/wy.html
2016,AL,21.5,1046,/nchs/state-stats/states/al.html
2016,AK,23.3,177,/nchs/state-stats/states/ak.html
2016,AZ,15.2,1094,/nchs/state-stats/states/az.html
2016,AR,17.8,541,/nchs/state-stats/states/ar.html
2016,CA,7.9,3184,/nchs/state-stats/states/ca.html
2016,CO,14.3,812,/nchs/state-stats/states/co.html
2016,CT,4.6,172,/nchs/state-stats/states/ct.html
2016,DE,11,111,/nchs/state-stats/states/de.html
2016,District of Columbia,13.8,107,/nchs/state-stats/states/dc.html
2016,FL,12.6,2704,/nchs/state-stats/states/fl.html
2016,GA,15,1571,/nchs/state-stats/states/ga.html
2016,HI,4.5,66,/nchs/state-stats/states/hi.html
2016,ID,14.6,242,/nchs/state-stats/states/id.html
2016,IL,11.7,1490,/nchs/state-stats/states/il.html
2016,IN,15,997,/nchs/state-stats/states/in.html
2016,IA,9.2,288,/nchs/state-stats/states/ia.html
2016,KS,13.4,383,/nchs/state-stats/states/ks.html
2016,KY,17.5,772,/nchs/state-stats/states/ky.html
2016,LA,21.3,987,/nchs/state-stats/states/la.html
2016,ME,8.3,123,/nchs/state-stats/states/me.html
2016,MD,11.9,707,/nchs/state-stats/states/md.html
2016,MA,3.4,242,/nchs/state-stats/states/ma.html
2016,MI,12.3,1230,/nchs/state-stats/states/mi.html
2016,MN,7.6,432,/nchs/state-stats/states/mn.html
2016,MS,19.9,587,/nchs/state-stats/states/ms.html
2016,MO,19,1144,/nchs/state-stats/states/mo.html
2016,MT,18.9,194,/nchs/state-stats/states/mt.html
2016,NE,9.1,171,/nchs/state-stats/states/ne.html
2016,NV,16.8,498,/nchs/state-stats/states/nv.html
2016,NH,9.3,132,/nchs/state-stats/states/nh.html
2016,NJ,5.5,485,/nchs/state-stats/states/nj.html
2016,NM,18.1,383,/nchs/state-stats/states/nm.html
2016,NY,4.4,900,/nchs/state-stats/states/ny.html
2016,NC,13.7,1409,/nchs/state-stats/states/nc.html
2016,ND,11.9,90,/nchs/state-stats/states/nd.html
2016,OH,12.9,1524,/nchs/state-stats/states/oh.html
2016,OK,19.6,766,/nchs/state-stats/states/ok.html
2016,OR,11.9,513,/nchs/state-stats/states/or.html
2016,PA,12,1555,/nchs/state-stats/states/pa.html
2016,RI,4.1,49,/nchs/state-stats/states/ri.html
2016,SC,17.7,891,/nchs/state-stats/states/sc.html
2016,SD,13.4,108,/nchs/state-stats/states/sd.html
2016,TN,17.1,1148,/nchs/state-stats/states/tn.html
2016,TX,12.1,3353,/nchs/state-stats/states/tx.html
2016,UT,12.9,370,/nchs/state-stats/states/ut.html
2016,VT,11.1,78,/nchs/state-stats/states/vt.html
2016,VA,12.1,1049,/nchs/state-stats/states/va.html
2016,WA,9,686,/nchs/state-stats/states/wa.html
2016,WV,17.5,332,/nchs/state-stats/states/wv.html
2016,WI,11.4,664,/nchs/state-stats/states/wi.html
2016,WY,17.4,101,/nchs/state-stats/states/wy.html
2015,AL,19.6,958,/nchs/state-stats/states/al.html
2015,AK,23.4,177,/nchs/state-stats/states/ak.html
2015,AZ,13.8,970,/nchs/state-stats/states/az.html
2015,AR,16.9,520,/nchs/state-stats/states/ar.html
2015,CA,7.7,3095,/nchs/state-stats/states/ca.html
2015,CO,12.6,701,/nchs/state-stats/states/co.html
2015,CT,5.3,189,/nchs/state-stats/states/ct.html
2015,DE,12.1,112,/nchs/state-stats/states/de.html
2015,District of Columbia,15.2,120,/nchs/state-stats/states/dc.html
2015,FL,12,2559,/nchs/state-stats/states/fl.html
2015,GA,14.1,1448,/nchs/state-stats/states/ga.html
2015,HI,3.6,55,/nchs/state-stats/states/hi.html
2015,ID,14.7,247,/nchs/state-stats/states/id.html
2015,IL,9.5,1220,/nchs/state-stats/states/il.html
2015,IN,12.7,846,/nchs/state-stats/states/in.html
2015,IA,7.8,247,/nchs/state-stats/states/ia.html
2015,KS,11.4,330,/nchs/state-stats/states/ks.html
2015,KY,15.2,694,/nchs/state-stats/states/ky.html
2015,LA,20.4,952,/nchs/state-stats/states/la.html
2015,ME,9.8,144,/nchs/state-stats/states/me.html
2015,MD,11.9,708,/nchs/state-stats/states/md.html
2015,MA,3,213,/nchs/state-stats/states/ma.html
2015,MI,11.7,1164,/nchs/state-stats/states/mi.html
2015,MN,7.4,410,/nchs/state-stats/states/mn.html
2015,MS,19.6,589,/nchs/state-stats/states/ms.html
2015,MO,18.1,1094,/nchs/state-stats/states/mo.html
2015,MT,19.2,205,/nchs/state-stats/states/mt.html
2015,NE,8.9,169,/nchs/state-stats/states/ne.html
2015,NV,14.9,446,/nchs/state-stats/states/nv.html
2015,NH,8.9,121,/nchs/state-stats/states/nh.html
2015,NJ,5.4,475,/nchs/state-stats/states/nj.html
2015,NM,18.6,390,/nchs/state-stats/states/nm.html
2015,NY,4.2,849,/nchs/state-stats/states/ny.html
2015,NC,12.5,1289,/nchs/state-stats/states/nc.html
2015,ND,12.8,92,/nchs/state-stats/states/nd.html
2015,OH,11.9,1397,/nchs/state-stats/states/oh.html
2015,OK,18,706,/nchs/state-stats/states/ok.html
2015,OR,11.4,486,/nchs/state-stats/states/or.html
2015,PA,11.4,1485,/nchs/state-stats/states/pa.html
2015,RI,4.7,51,/nchs/state-stats/states/ri.html
2015,SC,17.3,850,/nchs/state-stats/states/sc.html
2015,SD,11.1,96,/nchs/state-stats/states/sd.html
2015,TN,16,1075,/nchs/state-stats/states/tn.html
2015,TX,11.7,3203,/nchs/state-stats/states/tx.html
2015,UT,12.8,367,/nchs/state-stats/states/ut.html
2015,VT,9.6,70,/nchs/state-stats/states/vt.html
2015,VA,10.9,946,/nchs/state-stats/states/va.html
2015,WA,9.8,718,/nchs/state-stats/states/wa.html
2015,WV,14,278,/nchs/state-stats/states/wv.html
2015,WI,10.4,613,/nchs/state-stats/states/wi.html
2015,WY,19.6,113,/nchs/state-stats/states/wy.html
2014,AL,16.9,815,/nchs/state-stats/states/al.html
2014,AK,19.2,145,/nchs/state-stats/states/ak.html
2014,AZ,13.5,927,/nchs/state-stats/states/az.html
2014,AR,16.6,496,/nchs/state-stats/states/ar.html
2014,CA,7.4,2942,/nchs/state-stats/states/ca.html
2014,CO,12.2,663,/nchs/state-stats/states/co.html
2014,CT,5,187,/nchs/state-stats/states/ct.html
2014,DE,11.1,102,/nchs/state-stats/states/de.html
2014,District of Columbia,11.7,86,/nchs/state-stats/states/dc.html
2014,FL,11.5,2410,/nchs/state-stats/states/fl.html
2014,GA,13.7,1391,/nchs/state-stats/states/ga.html
2014,HI,2.6,40,/nchs/state-stats/states/hi.html
2014,ID,13.2,213,/nchs/state-stats/states/id.html
2014,IL,9,1179,/nchs/state-stats/states/il.html
2014,IN,12.4,818,/nchs/state-stats/states/in.html
2014,IA,7.5,241,/nchs/state-stats/states/ia.html
2014,KS,11.3,329,/nchs/state-stats/states/ks.html
2014,KY,13.9,634,/nchs/state-stats/states/ky.html
2014,LA,19,896,/nchs/state-stats/states/la.html
2014,ME,9.4,133,/nchs/state-stats/states/me.html
2014,MD,9,546,/nchs/state-stats/states/md.html
2014,MA,3.2,226,/nchs/state-stats/states/ma.html
2014,MI,11.1,1095,/nchs/state-stats/states/mi.html
2014,MN,6.6,377,/nchs/state-stats/states/mn.html
2014,MS,18.3,547,/nchs/state-stats/states/ms.html
2014,MO,15.3,943,/nchs/state-stats/states/mo.html
2014,MT,16.1,172,/nchs/state-stats/states/mt.html
2014,NE,9.5,179,/nchs/state-stats/states/ne.html
2014,NV,14.8,429,/nchs/state-stats/states/nv.html
2014,NH,8.7,122,/nchs/state-stats/states/nh.html
2014,NJ,5.3,468,/nchs/state-stats/states/nj.html
2014,NM,16,340,/nchs/state-stats/states/nm.html
2014,NY,4.2,875,/nchs/state-stats/states/ny.html
2014,NC,11.8,1206,/nchs/state-stats/states/nc.html
2014,ND,12.3,96,/nchs/state-stats/states/nd.html
2014,OH,10.3,1211,/nchs/state-stats/states/oh.html
2014,OK,15.7,611,/nchs/state-stats/states/ok.html
2014,OR,11.7,497,/nchs/state-stats/states/or.html
2014,PA,10.5,1390,/nchs/state-stats/states/pa.html
2014,RI,3,34,/nchs/state-stats/states/ri.html
2014,SC,15.5,767,/nchs/state-stats/states/sc.html
2014,SD,10.3,89,/nchs/state-stats/states/sd.html
2014,TN,15.1,1016,/nchs/state-stats/states/tn.html
2014,TX,10.7,2848,/nchs/state-stats/states/tx.html
2014,UT,12.3,337,/nchs/state-stats/states/ut.html
2014,VT,10.3,69,/nchs/state-stats/states/vt.html
2014,VA,10.3,889,/nchs/state-stats/states/va.html
2014,WA,9.7,702,/nchs/state-stats/states/wa.html
2014,WV,14.6,286,/nchs/state-stats/states/wv.html
2014,WI,8.2,487,/nchs/state-stats/states/wi.html
2014,WY,16.2,93,/nchs/state-stats/states/wy.html
2005,AL,16,736,/nchs/state-stats/states/al.html
2005,AK,17.5,116,/nchs/state-stats/states/ak.html
2005,AZ,16.1,934,/nchs/state-stats/states/az.html
2005,AR,15.7,439,/nchs/state-stats/states/ar.html
2005,CA,9.5,3453,/nchs/state-stats/states/ca.html
2005,CO,11.6,535,/nchs/state-stats/states/co.html
2005,CT,5.3,187,/nchs/state-stats/states/ct.html
2005,DE,8.8,75,/nchs/state-stats/states/de.html
2005,District of Columbia,23.8,154,/nchs/state-stats/states/dc.html
2005,FL,10,1838,/nchs/state-stats/states/fl.html
2005,GA,12.1,1064,/nchs/state-stats/states/ga.html
2005,HI,2.1,28,/nchs/state-stats/states/hi.html
2005,ID,14.1,195,/nchs/state-stats/states/id.html
2005,IL,8,1019,/nchs/state-stats/states/il.html
2005,IN,11.2,705,/nchs/state-stats/states/in.html
2005,IA,6.7,201,/nchs/state-stats/states/ia.html
2005,KS,9.3,257,/nchs/state-stats/states/ks.html
2005,KY,13,548,/nchs/state-stats/states/ky.html
2005,LA,18.5,858,/nchs/state-stats/states/la.html
2005,ME,7.8,109,/nchs/state-stats/states/me.html
2005,MD,11.9,657,/nchs/state-stats/states/md.html
2005,MA,3.4,224,/nchs/state-stats/states/ma.html
2005,MI,10.8,1074,/nchs/state-stats/states/mi.html
2005,MN,7,361,/nchs/state-stats/states/mn.html
2005,MS,16,455,/nchs/state-stats/states/ms.html
2005,MO,12.9,752,/nchs/state-stats/states/mo.html
2005,MT,16.9,161,/nchs/state-stats/states/mt.html
2005,NE,7.7,135,/nchs/state-stats/states/ne.html
2005,NV,16.1,390,/nchs/state-stats/states/nv.html
2005,NH,6.6,88,/nchs/state-stats/states/nh.html
2005,NJ,5.2,434,/nchs/state-stats/states/nj.html
2005,NM,13.9,267,/nchs/state-stats/states/nm.html
2005,NY,5.3,1019,/nchs/state-stats/states/ny.html
2005,NC,12.8,1119,/nchs/state-stats/states/nc.html
2005,ND,8.8,61,/nchs/state-stats/states/nd.html
2005,OH,9.6,1116,/nchs/state-stats/states/oh.html
2005,OK,13.2,468,/nchs/state-stats/states/ok.html
2005,OR,10.7,402,/nchs/state-stats/states/or.html
2005,PA,10.8,1352,/nchs/state-stats/states/pa.html
2005,RI,3.6,39,/nchs/state-stats/states/ri.html
2005,SC,13.8,589,/nchs/state-stats/states/sc.html
2005,SD,10.2,82,/nchs/state-stats/states/sd.html
2005,TN,16,976,/nchs/state-stats/states/tn.html
2005,TX,11.1,2490,/nchs/state-stats/states/tx.html
2005,UT,10.1,227,/nchs/state-stats/states/ut.html
2005,VT,6.8,44,/nchs/state-stats/states/vt.html
2005,VA,11.5,888,/nchs/state-stats/states/va.html
2005,WA,8.8,567,/nchs/state-stats/states/wa.html
2005,WV,13.8,261,/nchs/state-stats/states/wv.html
2005,WI,8.5,474,/nchs/state-stats/states/wi.html
2005,WY,13.4,71,/nchs/state-stats/states/wy.html